{"accuracy": [0.6675581336021423, 0.8934348225593567, 0.9278611540794373, 0.9401379823684692, 0.9489010572433472, 0.9563695788383484, 0.9601393938064575, 0.961320161819458, 0.9636531472206116, 0.9658865928649902], "loss": [1.1209979057312012, 0.3226490616798401, 0.21772199869155884, 0.17712420225143433, 0.15514187514781952, 0.1316988170146942, 0.12205273658037186, 0.11846380680799484, 0.11553990840911865, 0.1089692935347557], "val_accuracy": [0.8516389727592468, 0.8873776197433472, 0.8678010702133179, 0.9121329188346863, 0.9152629375457764, 0.9168563485145569, 0.8767356872558594, 0.9095720648765564, 0.9095151424407959, 0.9046210050582886], "val_loss": [0.45710113644599915, 0.35715484619140625, 0.4340776205062866, 0.28200477361679077, 0.28864651918411255, 0.3011040985584259, 0.5389007925987244, 0.3616001009941101, 0.3724993169307709, 0.4288836717605591]}